contact_id,first_name,email
4661,Cecilia,cecilia.velasco@rodrigues.fr
3765,Mariana,mariana.ellis@rossi.org
4187,Sofie,sofie.woods@riviere.com
4941,Jeanette,jeanette.iannotti@yahoo.com
2199,Samuel,samuel.sorgatz@gmail.com
5650,Socorro,socorro.luna@hotmail.com
5889,Carolina,carolina.murray@knight.com
4842,Kayla,kayla.moon@yahoo.de
3280,Ariadna,ariadna.geisel@rangel.com
5468,Danielle,danielle.ladeck@scalfaro.net
3064,Tatiana,tatiana.thompson@hunt.net
4904,Caleb,caleb.benavides@rubio.com
1299,Sandra,sandra.hardy@web.de
5602,Lotti,lotti.morris@yahoo.co.uk
5753,Reinhilde,reinhilde.white@voila.fr
4495,Kerry,kerry.patel@hutchinson.com
4269,Sophie,sophie.antoine@andersen.com
2226,Martha,martha.girard@web.de
1558,Stephanie,stephanie.king@cervantes.com
2307,Amanda,amanda.palmer@didier.fr
2900,Lina,lina.alcala@vespa.net
5695,Itzel,itzel.murphy@muelichen.de
5708,Filippo,filippo.parry@live.com
1663,Katelyn,katelyn.cole@fiebig.com
3605,Brian,brian.novak@ford.net
4678,Cilly,cilly.gay@callegaro.it
2251,Yolanda,yolanda.snyder@gmx.de
6202,Evelin,evelin.odonnell@ibarra.net
3715,Ingeborg,ingeborg.alba@hotmail.com
4242,Marina,marina.madrid@galarza-alba.com
4326,Sheila,sheila.goodwin@yahoo.com
5560,Valeria,valeria.rich@turchetta-mondadori.it
4002,Dustin,dustin.camacho@rhodes.org.au
3813,Amalia,amalia.marenzio@grupo.com
5336,Gian,gian.long@hotmail.com
4994,Stewart,stewart.hunt@anderson-vargas.biz
1471,Greca,greca.ruiz@carr.co.uk
4482,Gerald,gerald.olivera@outlook.com
3241,Jaqueline,jaqueline.wallace@gmail.com
3477,John,john.lane@gregoire.fr
2265,Pero,pero.joly@bernard.net
5911,Chad,chad.turner@gmail.com
2288,Adam,adam.zavala@guichard.fr
4064,Tyler,tyler.rivera@guajardo-ozuna.com
1294,Jens,jens.graham@jones-buckley.com
5008,Virginia,virginia.caetani@sosa.biz
3604,Martino,martino.wagner@laposte.net
3263,Martin,martin.meyer@davis.co.uk
5631,Marguerite,marguerite.walls@martinez.fr
2851,Peter,peter.vogt@yahoo.com
3714,Nicholas,nicholas.christian@hotmail.de
1664,Susi,susi.steinberg@preiss.com
5027,Tammy,tammy.ramazzotti@gmail.com
3070,Abdul,abdul.thomas@vasari.com
4248,Justin,justin.luxardo@googlemail.com
2034,Antonio,antonio.gibson@faust.net
4085,Jeremy,jeremy.gomez@oconnor.org
3569,Raymond,raymond.solorzano@gmail.com
3889,Flora,flora.harris@hotmail.com.au
3136,Cheryl,cheryl.boyd@segni.it
2103,Rhys,rhys.leiva@gmx.de
2329,Mariano,mariano.prieto@vodafone.it
3325,Laurie,laurie.fibonacci@gmail.com
3131,David,david.rudolph@nelson.com
4995,Bryan,bryan.ross@yahoo.com
3631,Ubaldo,ubaldo.brown@philippe.com
5373,Clelia,clelia.faulkner@hotmail.com
3126,Sara,sara.erickson@yahoo.de
2194,Rupert,rupert.valle@filogamo.it
2906,Puccio,puccio.kitzmann@yahoo.com
2611,Thomas,thomas.hutchinson@gmx.de
2374,Abelardo,abelardo.castro@gmail.com
3254,Greco,greco.walker@yahoo.com
3571,Miranda,miranda.lacombe@longoria-vanegas.net
2812,Diana,diana.schuchhardt@libero.it
3961,Stacey,stacey.knox@corporacin.com
3872,Glen,glen.faivre@yahoo.com
4736,Andrew,andrew.torres@ruiz-torres.org
5119,Denny,denny.fritz@despacho.biz
5725,Martyn,martyn.caldera@hotmail.co.uk
4037,Abigail,abigail.foster@taylor.net
2109,Anthony,anthony.hauffer@tlustek.org
3283,Roger,roger.gerlach@may-mitchell.co.uk
6181,Christopher,christopher.poirier@hotmail.com
3251,Branka,branka.traore@jacobi.com
3443,Briana,briana.etienne@bishop-coates.com
2988,Brandon,brandon.olson@prince-moreno.net
1673,Celia,celia.ungaretti@fox.com
2085,Barbara,barbara.guibert@casares-sanches.com
1672,Daniela,daniela.bell@vollbrecht.org
4426,Phyllis,phyllis.gurule@rodriguez-pham.com
3211,Alejandra,alejandra.joseph@escalante-abrego.biz
3190,Giulio,giulio.bohlander@dbmail.com
2081,Amber,amber.weller@toso.eu
3185,Mary,mary.etzold@conrad-harrison.com
5044,Amy,amy.georges@raedel.de
1883,Jennifer,jennifer.giraud@yahoo.com
2067,Rosie,rosie.peltier@voila.fr
4604,Oreste,oreste.ward@proyectos.com
3203,Luis,luis.edwards@live.com
5758,Fiona,fiona.griffiths@curatoli-verdone.it
5755,Sally,sally.raya@tarchetti.it
5150,Carolyn,carolyn.charpentier@hotmail.de
4181,Nathalie,nathalie.alvarez@live.com
3006,Abril,abril.lowery@novak.net
4865,Ottone,ottone.sullivan@hussain-kaur.com
2862,Esmeralda,esmeralda.sollima@visintini.it
6070,Silvia,silvia.gierschner@tele2.it
5300,Kyle,kyle.cunningham@voila.fr
3486,Anel,anel.carpentier@klein-joseph.org
5989,Sarah,sarah.davis@david.com
2849,Luke,luke.klein@hotmail.com
1612,Gudrun,gudrun.mueller@dillon-fuller.info
3307,Melissa,melissa.canali@libero.it
5288,Gabrielle,gabrielle.ayala@hotmail.com
6026,Laura,laura.buckley@ryan.org
2212,Wilfrido,wilfrido.lorch@leclerc.fr
4591,Robert,robert.bruder@manzoni.com
2771,Phillip,phillip.soliz@outlook.com
5682,Alex,alex.smith@fournier.fr
5368,Jessica,jessica.martinez@salieri.com
3706,Kelly,kelly.carter@hotmail.com.au
4034,Ahmad,ahmad.sosa@gmail.com
3209,Toralf,toralf.iglesias@borrego.com
2384,Irene,irene.anichini@yahoo.com
3074,Alicia,alicia.cainero@yahoo.com
2031,Tracey,tracey.laboy@bell.biz
5873,Donald,donald.reynaud@green.edu.au
5501,Venancio,venancio.stadelmann@gmx.de
3489,Seth,seth.olivier@yahoo.com
4210,Dennis,dennis.boaga@gmx.de
6151,Pedro,pedro.wilson@outlook.com
6047,Roland,roland.weihmann@gmail.com
5445,Hector,hector.morrison@web.de
5493,Evangelos,evangelos.peters@sanchez.net
6036,Gerardo,gerardo.hamilton@libero.it
2368,Meta,meta.cuzzocrea@howard-jensen.org
1501,Alma,alma.raymond@tin.it
4351,Kathleen,kathleen.solimena@wallace.biz
3096,Zacharie,zacharie.cordier@gmail.com
6162,Riza,riza.techer@yahoo.com
1433,Enrique,enrique.guillen@hotmail.co.uk
2720,Tristan,tristan.weeks@pena.com
5251,Natalie,natalie.lerma@boucher.com
1797,Rodney,rodney.hamon@hotmail.com
1656,Adalberto,adalberto.lombardo@sfr.fr
1346,Florencia,florencia.querini@gmail.com
2989,Liam,liam.rolland@yahoo.fr
5629,Ian,ian.kelly@reeves.com.au
3456,Mehdi,mehdi.todd@web.de
3229,Rembrandt,rembrandt.liguori@davis.org
2277,Irmi,irmi.schweitzer@ozuna.com
1276,Gioffre,gioffre.stein@hotmail.com.au
3694,Frida,frida.villarreal@hotmail.de
2260,Steffen,steffen.mangold@paul.net
5374,Elias,elias.marin@herve.net
4420,Roman,roman.gonzalez@anderson.net
3849,Reina,reina.middleton@hotmail.com
1638,Sandro,sandro.moran@hotmail.de
5230,Gebhard,gebhard.thanel@gmail.com
1763,Antonino,antonino.bolander@gmail.com
4323,Karl,karl.trevisani@anguissola.it
5256,Silvester,silvester.brookes@franco.org
4836,Octavio,octavio.pratt@web.de
5981,Rebecca,rebecca.greer@hotmail.com
1463,Pierina,pierina.gaggini@free.fr
4577,Robin,robin.schleich@rogers-barrera.biz
4951,Sergio,sergio.abbott@moore.net.au
3567,Gilberto,gilberto.evans@salcedo-archuleta.net
5475,James,james.elliott@gmail.com
2114,Timoteo,timoteo.bolnbach@laboratorios.com
5216,Tonino,tonino.stanley@hotmail.com
1665,Margaretha,margaretha.murialdo@meunier.com
6051,Bianca,bianca.drubin@libero.it
3983,Kaylee,kaylee.hoffmann@poulain.com
2966,Teresa,teresa.vecellio@yahoo.com
4478,Emine,emine.tacchini@dbmail.com
4238,Dawn,dawn.cortez@gmail.com
4404,Emily,emily.cundari@clark.com.au
5666,Eleanor,eleanor.hall@hotmail.com
3691,Monique,monique.delgadillo@hotmail.co.uk
2703,Arnaude,arnaude.warner@gmail.com
4253,Jason,jason.howell@gmx.de
5652,Nicole,nicole.mccullough@hall.com
3279,Rosmarie,rosmarie.esquibel@bouygtel.fr
3233,Leonor,leonor.ferreira@gmail.com
3017,Brett,brett.jones@alice.it
3482,Nino,nino.bien@gmail.com
2166,Jemma,jemma.tate@hotmail.de
4146,Denis,denis.rogers@poste.it
2651,Vanesa,vanesa.khan@voila.fr
1409,Victoria,victoria.ojeda@doehn.com
3717,Eugenio,eugenio.martin@yahoo.de
3963,Nancy,nancy.hayes@hotmail.com
2152,Lara,lara.jacob@buckley.org
2974,Gino,gino.hernandez@covarrubias.com
1268,Vicente,vicente.tijerina@montanariello.com
1822,Michele,michele.brambilla@yahoo.com
5066,Dana,dana.ritacca@gmail.com
5075,Mitchell,mitchell.bachmann@suarez-cruz.com
3855,Vincenza,vincenza.key@adams.com
5923,Salvador,salvador.gaillard@yahoo.de
1867,Diane,diane.rogner@kelly.co.uk
4376,Josette,josette.laine@saracino-parisi.net
2785,Courtney,courtney.fiebig@doerschner.com
5884,Hugues,hugues.oliver@stiffel.com
2441,Espartaco,espartaco.willis@hotmail.com
1243,Flavia,flavia.yoder@hotmail.de
3411,Casey,casey.flores@baggio.org
2467,Calogero,calogero.cross@mercantini.it
1850,Charles,charles.begum@laboratorios.info
2604,Adina,adina.pollard@outlook.com
1693,Natasha,natasha.lara@outlook.com
2969,Benita,benita.pottier@sfr.fr
1544,Elizabeth,elizabeth.valdivia@gmail.com
4149,Mattia,mattia.huet@aol.de
3463,Geza,geza.howard@voila.fr
2939,Lauren,lauren.guillaume@sorgatz.org
2202,Joanna,joanna.baxter@bruce-wright.com
1728,Tracy,tracy.metz@bryant.info
5362,Birgit,birgit.pena@armellini.it
4840,Elvira,elvira.papafava@ifrance.com
2955,Ernest,ernest.delorme@dowerg.de
5354,Christy,christy.grossi@alarcon-tafoya.com
3847,Hermelinda,hermelinda.olmos@portillo.com
3025,Herbert,herbert.fraser@holloway.org.au
1615,Giancarlo,giancarlo.heydrich@hotmail.com
5154,Constance,constance.maldonado@spiess.net
5005,Giampiero,giampiero.carlier@hotmail.com
1349,Carlo,carlo.jacquot@hotmail.com
3670,Gabriel,gabriel.robles@yahoo.com
2912,Gerd,gerd.gunpf@gmail.com
4336,Ashley,ashley.hellwig@libero.it
5576,Patrick,patrick.rosas@yahoo.com
2736,Lilla,lilla.leonard@jungfer.com
3321,Tony,tony.nicolas@morrocco-seddio.net
3353,Allegra,allegra.benedetti@miller.com
2336,Camille,camille.tafuri@aol.de
4369,Juan,juan.wheeler@gilmore.net
4464,Leopoldo,leopoldo.johnson@hotmail.com.au
5626,Dietmar,dietmar.grenier@tele2.it
1669,Leonid,leonid.scholl@collin.com
5544,Olivie,olivie.contarini@marshall-wright.biz
6078,Jeffery,jeffery.lacroix@medina.org
2580,Edeltraud,edeltraud.chavez@hotmail.com.au
3592,Mesut,mesut.morvan@gmail.com
4914,Gregory,gregory.jackson@ortiz.com
3848,Nicola,nicola.rossi@berry.org
2619,Eddie,eddie.collazo@gmail.com
4605,Philippe,philippe.gardner@howells-jones.net
6147,Roy,roy.fox@tejeda.com
1383,Heiderose,heiderose.garcia@noos.fr
1757,Claudine,claudine.rowley@industrias.com
4390,Astrid,astrid.roht@fastwebnet.it
4165,Auguste,auguste.burnett@yahoo.fr
4529,Pellegrino,pellegrino.allen@gmail.com
6084,Angela,angela.bowers@laboratorios.com
2916,Michael,michael.descamps@gmail.com
2005,Heidelore,heidelore.kennedy@guinizzelli.org
2261,Lucrezia,lucrezia.koch@petit.com
5342,Ivan,ivan.accardo@web.de
4087,Karen,karen.avogadro@yahoo.com
2761,Laetitia,laetitia.gallet@aubry.org
2908,Amico,amico.gosselin@shaw.info
2155,Ilaria,ilaria.bowen@hotmail.it
5642,Marlen,marlen.coardi@colletti.eu
6217,Rafael,rafael.alexander@jenkins.com
4222,Herma,herma.gabbana@hotmail.com
4798,Zachary,zachary.vespucci@industrias.com
5660,Marisol,marisol.richard@gmail.com
5000,Joseph,joseph.glover@laposte.net
2809,Lauretta,lauretta.neal@hotmail.de
3349,Simone,simone.sauvage@yahoo.com
3647,Ramona,ramona.brooks@kensy.de
5745,Gioele,gioele.schwital@moody.com
2583,Elena,elena.jimenez@yahoo.com.au
5441,Pam,pam.vargas@guillot.net
2090,Alison,alison.morales@lewis.com
3386,Marc,marc.aumann@holland.com
1816,Carla,carla.butler@yahoo.com
4718,Dionigi,dionigi.bruce@industrias.com
1677,Frank,frank.henry@yahoo.com
4218,Brent,brent.pons@proyectos.net
4548,Patricia,patricia.liebelt@baca.org
1431,Micheletto,micheletto.sykes@thompson-thompson.com
2830,Rose,rose.blanc@grupo.com
4400,Vincent,vincent.singh@gmail.com
5773,Jamie,jamie.peacock@interiano-nordio.com
4161,Giorgia,giorgia.dijoux@paul.com
2062,Serena,serena.piacentini@yahoo.de
3458,Dimitri,dimitri.posada@gmail.com
3174,Alexa,alexa.barillaro@ramos.net
5565,Megan,megan.kuhl@despacho.com
1906,Kaitlyn,kaitlyn.farinelli@outlook.com
5479,Jonathan,jonathan.castellitto@libero.it
4320,Lisa,lisa.terragni@proyectos.com
4213,Olivier,olivier.petrucelli@letta-raurica.eu
3373,Jos,jos.trobbiani@samson.com
4184,Mirjam,mirjam.dawson@yahoo.com
5472,Javier,javier.tessier@mclaughlin.biz
5559,Mirjana,mirjana.collins@hotmail.com
5419,Vanessa,vanessa.tschentscher@mitchell.com
4171,Antonina,antonina.cobb@gibson.org
1302,Bernard,bernard.durand@royer.com
3520,Corey,corey.greggio@johnson.org.au
6010,Rodolfo,rodolfo.couturier@tim.it
4617,Pierre,pierre.cardenas@luzi-bonomo.eu
1417,Romeo,romeo.surian@batista.com
4770,Ivo,ivo.moreno@hotmail.com
4328,Federico,federico.marie@jourdan.fr
5171,Maggie,maggie.boito@yahoo.com
4394,Brianna,brianna.hanson@stanley.com
1794,Heiko,heiko.bourgeois@togliatti.com
3510,Benito,benito.gritti@gmail.com
2487,Mitzy,mitzy.junk@zaragoza.com
2215,Samantha,samantha.lowe@praga.it
4136,Ernesto,ernesto.nerger@middleton.co.uk
3723,Melinda,melinda.canova@orange.fr
5842,Mohammad,mohammad.hartung@hotmail.com
3289,Ben,ben.maillot@ramos.net
1249,Isabel,isabel.pruschke@gmail.com
5409,Linda,linda.franceschi@richards.net
2951,Olivia,olivia.striebitz@gmail.com
3432,Penny,penny.watson@matthews.net
2297,Manfred,manfred.james@davies.org
6161,Hazel,hazel.pierce@outlook.com
4603,Alf,alf.bates@dunn.com
5818,Scott,scott.gough@industrias.com
4270,Konrad,konrad.briones@fierro.com
6007,Mathilde,mathilde.kruschwitz@yahoo.com
4084,Irma,irma.gemito@googlemail.com
1340,Antoine,antoine.guyon@yahoo.com
5675,William,william.gibilisco@gaillard.com
2010,Judith,judith.butte@fischer-vaughn.info
6201,Joanne,joanne.henderson@gmail.com
1791,Ludovica,ludovica.arellano@morandi-argento.com
3314,Catherine,catherine.gray@hotmail.com
5852,Franco,franco.fioravanti@barry-gill.com.au
4618,Heather,heather.zimmer@bluemel.de
2618,Hortense,hortense.taylor@chambers.biz
4967,Livia,livia.ernst@colas.fr
4594,Toby,toby.etzler@industrias.com
2080,Ennio,ennio.leoncavallo@sanchez.org
2793,Philippine,philippine.vaca@hotmail.com
4890,Rhonda,rhonda.phillips@yahoo.com
3528,Alphonse,alphonse.nitto@voila.fr
5810,Karina,karina.arreola@yahoo.com.au
5720,Denise,denise.wood@mantegna.com
4593,Burghard,burghard.rosenow@hotmail.com
3186,Friedl,friedl.powell@laposte.net
5136,Benjamin,benjamin.schultz@rivero-davila.com
2646,Rachel,rachel.ulibarri@schueler.com
3460,Silvano,silvano.blanchet@yahoo.com
4345,Kurt,kurt.sauer@almanza.biz
2690,Nayeli,nayeli.gehringer@hotmail.com
4025,Imelda,imelda.guerin@stumpf.net
4524,Zbigniew,zbigniew.holmes@stiffel.net
3978,Adela,adela.alfonsi@despacho.com
3910,Hilary,hilary.clark@libero.it
5825,Kornelius,kornelius.molina@heuser.com
3564,Christian,christian.anderson@tim.it
2396,Francisco,francisco.dorsey@tiscali.fr
2140,Walli,walli.albert@dussen.com
3079,Siegrun,siegrun.mota@matthews-montoya.org.au
2017,Alberico,alberico.herve@beer.net
5444,Serafina,serafina.bonnin@mendes.com
2216,Marcelle,marcelle.bender@edwards-robinson.info
1241,Hartmuth,hartmuth.robertson@thomas.edu.au
1484,Herlinde,herlinde.george@free.fr
3475,Pamela,pamela.payne@yahoo.com
4333,Gastone,gastone.beyer@stewart-sanchez.edu
5657,Lydia,lydia.berengario@aol.de
2527,Lucy,lucy.davidson@tele2.it
5967,Franck,franck.wade@gute.org
5698,Heidi,heidi.barker@gmail.com
3331,Arnaldo,arnaldo.ocasio@hotmail.com
3841,Francis,francis.bernier@rodriguez.com
6105,Johanne,johanne.strong@yahoo.de
3895,Debra,debra.langlois@schmiedecke.com
1891,Reingard,reingard.kambs@sagese.eu
1281,Mauro,mauro.ortiz@oquendo.net
4186,Griselda,griselda.carranza@krause.de
2511,Janet,janet.madrigal@gmail.com
4272,Jenna,jenna.day@reed.com
3533,Modesto,modesto.wright@pareto.com
3618,Alice,alice.wall@zaccardo.it
2177,Brenda,brenda.sontag@solari.com
4102,Sergius,sergius.mace@palazzo.com
6089,Antonia,antonia.kline@gmail.com
4701,Maurice,maurice.gumprich@griffin.net.au
5645,Daniel,daniel.anders@yahoo.com
4499,Zaira,zaira.cattaneo@yahoo.com
3365,Alessio,alessio.bruneau@hotmail.co.uk
2290,Gerdi,gerdi.guerrero@tele2.fr
1890,Brigitte,brigitte.stiebitz@gmail.com
1304,June,june.sinisi@manzoni-giannini.it
3799,Carl,carl.macias@yahoo.com
2749,Veronica,veronica.trapp@tiscali.it
2028,Frances,frances.garnier@aporti-guidotti.org
2383,Terri,terri.iannelli@hotmail.com
5721,Odette,odette.moore@hall.edu
1394,Mercedes,mercedes.trujillo@aol.de
3451,Babette,babette.dumas@brady.net
5512,Jerry,jerry.santiago@soprano-ferragni.it
2453,Ronald,ronald.simpson@ovadia.net
6055,Emmanuel,emmanuel.dominguez@gmail.com
5704,Christiane,christiane.ricciardi@zavala.com
3707,Ingolf,ingolf.zamora@yahoo.com.au
2205,Rita,rita.sharp@beard-scott.edu.au
5976,Geraldine,geraldine.cabrera@green-smith.info
3290,Chantal,chantal.armas@jenkins.net
4257,Louis,louis.gilbert@gmail.com
4588,Michelle,michelle.collier@peruzzi.it
4785,Guillermina,guillermina.nicholson@grondin.fr
3033,Bertrand,bertrand.hopkins@gmail.com
2779,Alonso,alonso.palomo@gehringer.de
2131,Tina,tina.rodriguez@web.de
6229,Eva,eva.francis@parker.org
3429,Ottavio,ottavio.rust@crespi.com
1613,Amelia,amelia.olvera@hotmail.com
4734,Paul,paul.palladio@mclaughlin.net.au
4439,Bernardo,bernardo.wieloch@budig.com
1441,Umberto,umberto.hicks@hill.com
5799,Janko,janko.bishop@tim.it
1419,Jessika,jessika.meunier@gmx.de
3059,Isaac,isaac.benard@googlemail.com
3224,Alexandrie,alexandrie.lambert@yahoo.com
3181,Roberto,roberto.guyot@bennett.com
6061,Giulietta,giulietta.lucas@club.com
4466,Damaris,damaris.pininfarina@gmail.com
6081,Fabrizia,fabrizia.renard@higgins-marks.com
2159,Camillo,camillo.dehmel@brown-campbell.com
3324,Ruggero,ruggero.parpinel@gmail.com
3176,Stephen,stephen.pratesi@hotmail.com
5874,Ludger,ludger.naccari@ingram.biz
5110,Meryem,meryem.tapia@yahoo.com
5490,Jasmine,jasmine.juvara@yahoo.com.au
1922,Victoire,victoire.travaglia@zacchia.com
4398,Adrian,adrian.noel@perrin.com
4754,Marvin,marvin.howe@gmail.com
3309,Hanne,hanne.kidd@yahoo.com
1244,Donatello,donatello.millet@fritsch.net
2892,Eloisa,eloisa.pascarella@gmail.com
2777,Erica,erica.zambrano@gmail.com
4952,Paula,paula.canales@gilmore-guerrero.com
5144,Claudia,claudia.bernard@mazzanti.it
5487,Paulina,paulina.miller@lewis-barker.com
1932,Kathrin,kathrin.godfrey@tele2.fr
3364,Pina,pina.passalacqua@yahoo.co.uk
5165,Julien,julien.miles@stevens-rose.com
3858,Suzanne,suzanne.benigni@mennea-morlacchi.com
4666,Annalisa,annalisa.pugh@hotmail.fr
2896,Mathew,mathew.maestas@casas-garrido.com
4520,Laszlo,laszlo.vallee@verdier.com
5726,Helen,helen.polanco@hotmail.com
5661,Mateo,mateo.sorrentino@calderon.com
4765,Eric,eric.barnes@barrett-winter.com
3710,Dragica,dragica.west@yahoo.com.au
4925,Antje,antje.voisin@gmail.com
1533,Stanley,stanley.mills@parker-lee.biz
5264,Brandy,brandy.meraz@yahoo.com
4606,Conor,conor.reinhardt@yahoo.com.au
2043,Gabino,gabino.blot@lewis-russell.org
3871,Alvaro,alvaro.lemus@yahoo.com
6205,Patrizia,patrizia.wilms@dbmail.com
3193,Metin,metin.coulon@ashley.com
1810,Reece,reece.valencia@laboy-palomo.com
4797,Troy,troy.schmiedecke@picard.com
1487,Wendy,wendy.bustos@libero.it
3474,Guglielmo,guglielmo.caldwell@loeffler.com
5771,Travis,travis.cowan@turner.info
6074,Brandi,brandi.abbagnale@tele2.fr
1568,Hanno,hanno.gollum@smith.com
4263,Jutta,jutta.burke@elliott.com
5850,Dorothe,dorothe.paz@fiebig.de
5619,Desiree,desiree.huerta@morris.com
1904,Ilse,ilse.bray@venturi.it
5388,Pierpaolo,pierpaolo.scaduto@sanders-gibson.com.au
2150,Amedeo,amedeo.bradford@yahoo.com
2653,Julia,julia.ali@yahoo.com
2687,Catalina,catalina.pizzetti@tim.it
3779,Dylan,dylan.porzio@yahoo.de
1494,Iris,iris.trincavelli@tiscali.fr
4129,Johnathan,johnathan.guidotti@cox-sanchez.net
3035,Walburga,walburga.vollbrecht@aol.de
2069,Kendra,kendra.david@allan-morton.com
5469,Aleksandr,aleksandr.weiss@blanc.org
3903,Cornelio,cornelio.guardado@gmail.com
4083,Ferdi,ferdi.blackburn@christensen.net
4003,Bill,bill.gallagher@green.com
3565,Leonard,leonard.harvey@hotmail.com
1640,Milan,milan.montenegro@langern.com
4769,Philip,philip.perez@hotmail.co.uk
3398,Kathryn,kathryn.hentschel@shaw.com
1865,Xavier,xavier.samson@baggio.it
5690,Hartwig,hartwig.roberts@saraceno.net
3814,Kimberly,kimberly.chan@gmail.com
2942,Lorraine,lorraine.crawford@gmail.com
5095,Maximiliano,maximiliano.knowles@gmail.com
2878,Gabriella,gabriella.avila@gmail.com
3697,Rico,rico.mortati@faivre.fr
4744,Gail,gail.petrocelli@yahoo.com
2104,Liberto,liberto.niemeier@germano-dibiasi.it
4883,Luciana,luciana.petitjean@patterson-cole.biz
4807,Ron,ron.cavazos@yahoo.com
1372,Aldo,aldo.cibin@gmx.de
3666,Alexandre,alexandre.serrano@yahoo.co.uk
2066,Lori,lori.fagotto@hill-anderson.com
1834,Perla,perla.figueroa@live.com
5853,Reginald,reginald.hughes@gmail.com
2219,Uriel,uriel.holt@gmail.com
4148,Stefano,stefano.lemonnier@binner.com
4477,Madeleine,madeleine.cooper@poste.it
1786,Alban,alban.barbier@ortiz.org
3455,Alfonso,alfonso.finetti@quiroz.com
5707,Ryan,ryan.kim@noos.fr
5470,Augustin,augustin.wohlgemut@watson.info
3274,Rolando,rolando.bibi@tin.it
4613,Berthold,berthold.randall@mcdonald.com
4465,Genaro,genaro.briand@sfr.fr
1652,Rudolf,rudolf.jenkins@hotmail.com
2100,Pauline,pauline.ackermann@arredondo-roque.com
4321,Folker,folker.swanson@rodrigues.fr
4168,Ashleigh,ashleigh.montez@perry-schneider.com
3733,Liliana,liliana.barber@libero.it
2594,Caridad,caridad.carr@huhn.com
3909,Lolita,lolita.borrego@gmail.com
5179,Gunar,gunar.patrick@leroy.com
2228,Leokadia,leokadia.verdier@hotmail.com.au
6222,Hanna,hanna.reid@salas.org
2354,Edelgard,edelgard.kreusel@hotmail.com
1725,Svenja,svenja.perrin@berger.com
2960,Pierluigi,pierluigi.taccola@gmx.de
2077,Cilli,cilli.watts@yahoo.com
5662,Emiliano,emiliano.wells@gmx.de
3481,April,april.davids@fisher.info
2565,Dolores,dolores.didier@yahoo.com.au
4436,Sylvia,sylvia.bonomo@poulain.com
5072,Nelly,nelly.marsh@hotmail.it
5200,Beth,beth.miniati@hudson.net
4502,Renee,renee.merino@gmail.com
4945,Hailey,hailey.russell@jourdan.org
3012,Raphaela,raphaela.gotthard@outlook.com
6094,Pomponio,pomponio.comencini@hotmail.co.uk
3815,Leone,leone.richardson@yahoo.com
4838,Valentine,valentine.acosta@peters.net
3469,Ricciotti,ricciotti.laureano@parsons.com
4874,Jacques,jacques.heidrich@zamudio-chapa.com
1792,Anne,anne.snow@gmail.com
4356,Sonia,sonia.volta@gmx.de
6196,Dale,dale.leblanc@stewart.com
3578,Alejandro,alejandro.cruz@hotmail.com
4491,Elsa,elsa.cugia@yahoo.com
3054,Geronimo,geronimo.pechel@hotmail.com
1968,Melania,melania.klemm@seidel.com
5869,Katherine,katherine.cooley@yahoo.com
5858,Guillermo,guillermo.larsen@yahoo.com
5203,Jill,jill.barrios@gmail.com
2577,Austin,austin.musatti@tin.it
3216,Jacinto,jacinto.rose@yahoo.com
2037,Lucie,lucie.redi@googlemail.com
3867,Tania,tania.chapman@remy.com
5109,Alexandria,alexandria.best@yahoo.co.uk
1376,Edward,edward.scott@yahoo.com
5260,Jake,jake.wiley@outlook.com
2350,Claudio,claudio.reuter@morgan-collins.org.au
2269,Laure,laure.traetta@kay-perkins.co.uk
3650,Magarete,magarete.valentin@yahoo.com
3934,Paige,paige.hill@jones.org.au
4048,Fulvio,fulvio.curiel@reynolds.com
4266,Thibaut,thibaut.camarillo@hotmail.com
3863,Romana,romana.blanchard@googlemail.com
4922,Thibault,thibault.savorgnan@butler.biz
4517,Alexander,alexander.pausini@gonzalez.info
3259,Pierangelo,pierangelo.scholtz@lefevre.com
3123,Emmanuelle,emmanuelle.keller@morton-clarke.com
3870,Isabella,isabella.deleon@web.de
2996,Timothy,timothy.weitzel@gmail.com
2993,Alfredo,alfredo.ingram@hotmail.com
4556,Francesca,francesca.kade@luna-rael.org
2326,Tonia,tonia.coleman@hotmail.com
4109,Gottfried,gottfried.barbe@hotmail.com
5739,Jeffrey,jeffrey.trommler@yahoo.com
5887,Giacobbe,giacobbe.owens@huet.fr
1651,Conchita,conchita.pagliaro@googlemail.com
1628,Kevin,kevin.delahaye@ellis-wilson.com
2642,Rouven,rouven.ovadia@gmail.com
6020,Piermaria,piermaria.laporte@wesack.com
4747,Karolin,karolin.johann@hotmail.com
5534,Steven,steven.folliero@noos.fr
4790,Livio,livio.rosselli@green.co.uk
4632,Gaetano,gaetano.leonardi@despacho.com
1952,Cynthia,cynthia.robinson@gilles.net
4388,Eleni,eleni.aponte@club-internet.fr
5529,Noelia,noelia.romo@yahoo.com
1316,Evelyn,evelyn.haynes@clark.info
1670,Katharine,katharine.zaccagnini@hotmail.com
4909,Lea,lea.merle@stey.de
3401,Marta,marta.huynh@hernandez.info
4619,Amador,amador.riley@hotmail.com
4722,Julie,julie.coles@hotmail.fr
2188,Beverley,beverley.telesio@regnier.fr
5497,Corinne,corinne.mitschke@hauffer.net
5711,Valerie,valerie.ortega@tele2.it
4076,Carlos,carlos.delle@hicks.com
1847,Christina,christina.besnard@delorme.com
2816,Rosario,rosario.jacques@yahoo.com
5019,Celal,celal.fischer@aol.de
4869,Leonardo,leonardo.guzman@andreozzi-abba.com
3613,Clinton,clinton.mason@yahoo.com
3069,Loretta,loretta.mallet@sansoni-toscani.it
2601,Lorenzo,lorenzo.roero@hotmail.co.uk
2133,Lando,lando.gutierrez@heser.com
3164,Elaine,elaine.patterson@rose-morris.org
3897,Marcella,marcella.govoni@barkholz.net
5663,Ettore,ettore.amaldi@germain.com
3879,Rufino,rufino.gallegos@webster-newton.co.uk
5900,Georges,georges.richards@macdonald.com
2272,Janice,janice.infantino@hotmail.com
5436,Svetlana,svetlana.montanariello@putz.de
3676,Agnolo,agnolo.cedillo@laboratorios.biz
4676,Hannah,hannah.jockel@ceravolo-tonisto.eu
1563,Yvonne,yvonne.stout@sims.edu
4349,Anouk,anouk.pace@gmail.com
1658,Esteban,esteban.valdez@hotmail.com
2552,Angelina,angelina.davies@hotmail.com
4847,Anastasie,anastasie.cadena@live.com
1553,Hansjoachim,hansjoachim.lettiere@hall-mcdaniel.net
2632,Yeni,yeni.tejada@olson.edu.au
1908,Dulce,dulce.adinolfi@hotmail.com
5801,Sean,sean.mielcarek@gmail.com
1935,Omar,omar.fonseca@grupo.org
2609,Henry,henry.gucci@leleu.fr
2740,Samira,samira.bottaro@vasseur.fr
1907,Korinna,korinna.arnold@zapata-saenz.biz
1831,Marcela,marcela.ferrante@gmx.de
5177,Douglas,douglas.amaya@favata-brenna.net
6179,Katherina,katherina.barrientos@trobbiani.eu
2917,Brittany,brittany.tran@tele2.it
1486,Caroline,caroline.reeves@yahoo.com
3735,Joe,joe.michaud@yahoo.fr
3838,Marco,marco.vittadello@gmail.com
2430,Kim,kim.webb@yahoo.com.au
2480,Eugenia,eugenia.zichichi@yahoo.com
3431,Aurore,aurore.rosemann@leoncavallo-rusticucci.com
1742,Giustino,giustino.luzi@rolland.fr
4628,Anita,anita.galindo@gmail.com
2385,Gunhild,gunhild.carrillo@elliott-gilbert.org
2213,Rosa,rosa.paul@bien.com
5188,Marliese,marliese.oneal@gmail.com
3418,Bethany,bethany.hartmann@yahoo.com
5637,Irina,irina.martineau@gmail.com
3530,Beatriz,beatriz.moulin@pinto.com
3731,Lucas,lucas.austin@gmail.com
3219,Carole,carole.nohlmans@yahoo.com
2392,Bozena,bozena.schmitt@vallet.com
5103,Aimee,aimee.foconi@outlook.com
3992,Marzena,marzena.carrero@roskoth.de
2442,Raisa,raisa.poulain@fastwebnet.it
2913,Marcantonio,marcantonio.bennett@hopkins.com.au
1631,Kenneth,kenneth.hurst@meunier.net
4073,Marisela,marisela.mende@godoy-enriquez.com
4568,Blanka,blanka.villareal@monduzzi.net
1830,Tomislav,tomislav.stoppani@corporacin.org
2623,Krystal,krystal.ammaniti@barbier.fr
4327,Deanna,deanna.aporti@bouygtel.fr
3713,Donatella,donatella.burns@yahoo.de
2389,Margrit,margrit.hooper@douglas.com
5141,Baccio,baccio.marcacci@laposte.net
3522,Alfio,alfio.roman@hotmail.co.uk
1334,Soledad,soledad.soto@hotmail.de
4721,Josh,josh.cimarosa@hotmail.com
3768,Nath,nath.rico@yahoo.com
1639,Gary,gary.armani@web.de
5149,Miriam,miriam.oquendo@smith-watson.biz
2153,Monica,monica.mohaupt@live.com
2767,Alec,alec.ho@parra-esparza.com
5124,Harry,harry.fouquet@ibarra-cooper.com
2097,Arcelia,arcelia.babati@orange.fr
4796,Trinidad,trinidad.vespa@gmail.com
5849,Colette,colette.ryan@hotmail.com
1495,Richard,richard.andre@porras.org
2462,Ellinor,ellinor.leclercq@gmail.com
2280,Patricio,patricio.guillon@web.de
1877,Kirsten,kirsten.chindamo@carrillo-wall.com
6108,Leo,leo.petruzzi@yahoo.com
4427,Margot,margot.tomaselli@junck.org
2881,Ansaldo,ansaldo.marks@patel-odonnell.com
2339,Regina,regina.morin@barcaccia.net
5156,Karla,karla.medici@yahoo.com
4750,Morgan,morgan.irizarry@williams-harris.biz
4852,Natividad,natividad.wong@hoevel.com
5734,Anna,anna.freeman@snyder.net
3801,Emilia,emilia.vivaldi@garnier.fr
4474,Gerda,gerda.cook@tin.it
1992,Andrey,andrey.faure@frederick-mitchell.info
5796,Charlotte,charlotte.duke@ochoa.org
1373,Cindy,cindy.castillo@virgilio.it
1879,Hiltrud,hiltrud.thibault@barbe.com
3072,Kasimir,kasimir.jaime@gmail.com
4561,Sabine,sabine.lachmann@phillips.org
5201,Andrea,andrea.arroyo@yahoo.com.au
5871,Matthew,matthew.velasquez@gmail.com
3041,Severino,severino.linares@angeli.com
5864,Swantje,swantje.lomeli@gmx.de
3999,Marcus,marcus.espino@comolli.eu
4849,Allen,allen.gates@gmail.com
5461,Mauricio,mauricio.saunders@hotmail.co.uk
5946,Gilbert,gilbert.cornejo@hotmail.com
4508,Letizia,letizia.gulotta@howard.biz
5096,Etta,etta.gutknecht@leconte.net
5443,Shelley,shelley.perry@gierschner.de
2165,Geoffrey,geoffrey.williams@poste.it
2125,Cory,cory.stewart@voila.fr
6141,Kristy,kristy.bartlett@outlook.com
5245,Gianluca,gianluca.beck@green.biz
2190,Guido,guido.krein@gmail.com
2243,Leif,leif.monnier@querini.it
3336,Jonas,jonas.badoer@kennedy.biz
3305,Devin,devin.ebert@yahoo.fr
6191,Slobodan,slobodan.camiscione@hotmail.com
1326,Volkmar,volkmar.gauthier@hotmail.com
6159,Jordan,jordan.rowe@outlook.com
2003,Manon,manon.daugherty@segre.com
5881,Estela,estela.segovia@vodafone.it
1918,Giada,giada.celentano@evans.net
2157,Clayton,clayton.salcedo@hotmail.co.uk
3149,Raven,raven.pinto@hotmail.com
2444,Lewis,lewis.lewis@pisano.net
6207,Rochus,rochus.rousseau@nguyen.com
5580,Belinda,belinda.gamez@leleu.com
5942,Angelo,angelo.lozano@macias.com
1592,Jorge,jorge.monti@clement.fr
2344,Ricky,ricky.harrell@martin.edu
5995,Adriano,adriano.wulf@schmidtke.net
5022,Pompeo,pompeo.bourdon@gmail.com
5991,Kristie,kristie.garrett@wernecke.com
4020,Lodovico,lodovico.conley@yahoo.com
6028,Jean,jean.berthelot@oscuro.it
2790,Tadeusz,tadeusz.medina@jackson-clark.net
4033,Ruby,ruby.carriera@hotmail.it
1261,Theres,theres.antonioni@hotmail.com
1979,Gloria,gloria.morton@outlook.com
2122,Graziano,graziano.jensen@gmail.com
4506,Gianpaolo,gianpaolo.massey@bouvier.com
3016,Alain,alain.farmer@hotmail.it
3272,Renato,renato.murillo@club.com
1375,Edda,edda.ferraris@libero.it
4014,Luce,luce.marty@waehner.org
3199,Rotraud,rotraud.mitchell@laboratorios.com
2184,Israel,israel.watkins@hotmail.com
2170,Nathan,nathan.jennings@kim.com
1478,Gavin,gavin.proietti@gmx.de
6163,Emma,emma.rios@yahoo.com.au
1889,Todd,todd.douglas@web.de
5912,Oscar,oscar.holsten@yahoo.com
2537,Ann,ann.peron@grupo.biz
2118,Senta,senta.grassi@hotmail.com
3234,Kata,kata.mena@gmail.com
3842,Gianfranco,gianfranco.hethur@stewart-lee.com.au
3032,Florentine,florentine.saraceno@gmail.com
3238,Giuliano,giuliano.bolzmann@pacillo.it
2059,Alwine,alwine.kostolzin@holloway.com
5238,Giacinto,giacinto.briggs@yahoo.co.uk
2578,Holly,holly.negrete@hotmail.com
4789,Mark,mark.trapanese@gmail.com
2357,Alyssa,alyssa.brun@chittolini-spadafora.it
1235,Cristina,cristina.chevalier@proyectos.com
3558,Shannon,shannon.lefevre@gmail.com
1707,Logan,logan.hornich@tin.it
2842,Rosalia,rosalia.toro@free.fr
5318,Reiner,reiner.poerio@yahoo.com
1620,Valentina,valentina.pages@hotmail.de
4998,Enrico,enrico.fabre@gmail.com
3111,Sevim,sevim.begue@yahoo.com.au
1424,Sonja,sonja.patberg@hotmail.com
3244,Christine,christine.hiller@yahoo.com
4643,Maik,maik.beasley@harper-brooks.biz
6132,Elliot,elliot.santana@gmx.de
3790,Eloy,eloy.renzi@gmail.com
1312,Wolf,wolf.lutz@nichols-jackson.com.au
5686,Giuseppe,giuseppe.lee@mahe.org
2111,Angelica,angelica.cuellar@zaguri-bellucci.net
5685,Bekir,bekir.normand@yahoo.de
1905,Carmine,carmine.gonzales@schleich.net
3271,Marianne,marianne.hubert@hotmail.com
4178,Gonzalo,gonzalo.montes@hotmail.com
3275,Shelly,shelly.guichard@gmail.com
5713,Tobias,tobias.carbajal@live.com
3339,Santiago,santiago.berry@aol.de
5585,Emilio,emilio.davenport@zamora-russo.net
4407,Maurizio,maurizio.gute@knight.info
1941,Nadia,nadia.travaglio@colletti-broggini.com
4690,Elisa,elisa.barkholz@sfr.fr
3607,Cristal,cristal.mazzini@gmail.com
2670,Trevor,trevor.granados@gmail.com
5261,Matthieu,matthieu.mcdonald@morrison.org
4121,Juliette,juliette.preston@gmail.com
4620,Stanislaw,stanislaw.montalvo@mcpherson-hughes.info
4630,Lilia,lilia.lollobrigida@le.com
3440,Brigitta,brigitta.shaw@hotmail.co.uk
3572,Rebeca,rebeca.frey@gerard.fr
5306,Nicolas,nicolas.palacios@meraz.com
5122,Susanna,susanna.bonneau@klingelhoefer.de
1368,Romina,romina.valentine@hotmail.com
5370,Erika,erika.toussaint@sfr.fr
5636,Lothar,lothar.laurent@garcia.com.au
6033,Chelsea,chelsea.verdugo@campbell.com
3599,Ria,ria.venier@murillo-estevez.com
5566,Carly,carly.summers@yahoo.co.uk
1873,Pasquale,pasquale.tomasini@hotmail.co.uk
3904,Stefani,stefani.ughi@hotmail.it
4453,Jose,jose.huang@gmx.de
5481,Petros,petros.gaona@googlemail.com
2987,Maximilian,maximilian.siering@gaito-fornaciari.org
2431,Ermenegildo,ermenegildo.holzapfel@aol.de
4158,Damien,damien.leger@dixon.biz
3753,Zeferino,zeferino.barrera@zedillo-velazquez.com
4391,Alfred,alfred.pohl@fechner.net
2026,Marissa,marissa.gaito@reed-campbell.edu
4547,Ariana,ariana.houston@hotmail.it
2798,Victor,victor.jacobs@young.com
4732,Henriette,henriette.lang@mimun.it
5126,Wilfriede,wilfriede.baca@caraballo.com
5151,Lucia,lucia.riviere@samaniego.biz
2134,Gordon,gordon.vigorelli@solano.com
5786,Diethard,diethard.salgado@gmail.com
5515,Sue,sue.corrales@cardenas-serna.org
4530,Arthur,arthur.salazar@yahoo.com.au
4088,Fortunata,fortunata.schneider@tiscali.it
3667,Gretchen,gretchen.serna@pichon.org
3286,Egon,egon.caron@hotmail.com
4804,Roberta,roberta.finzi@knight-davies.co.uk
5768,Editha,editha.savage@davies.co.uk
6098,Allan,allan.emanuelli@fernandes.org
2508,Laurence,laurence.lucero@martin.org
5779,Istvan,istvan.draghi@ifrance.com
1717,Luigi,luigi.bonnet@carriera-federico.it
3368,Yuridia,yuridia.fantozzi@mcdonald.com
4265,Eraldo,eraldo.schmiedt@hotmail.de
4455,Antoinette,antoinette.cox@bustamante.com
2940,Cameron,cameron.ocampo@hotmail.com.au
6144,Lynn,lynn.lawson@leclercq.com
3657,Natalia,natalia.seifert@ifrance.com
1537,Nuray,nuray.anguillara@yahoo.co.uk
2116,Beate,beate.morgan@gmail.com
5102,Mario,mario.rees@gmx.de
5815,Galasso,galasso.junken@yahoo.co.uk
4250,Luca,luca.moses@franke.de
4533,Aurelio,aurelio.gertz@hewitt.net
3329,Uberto,uberto.steele@outlook.com
3606,Annie,annie.hunter@allen.co.uk
4749,Jo,jo.mccarty@hotmail.com
2222,Eitel,eitel.lombard@thomas.net
1939,Susan,susan.vigliotti@yahoo.co.uk
2456,Jacqueline,jacqueline.germano@valette.fr
2794,Fidel,fidel.ruppert@yahoo.co.uk
2648,Margaret,margaret.eigenwillig@yahoo.com
2545,Yvette,yvette.harding@yahoo.co.uk
3273,Federigo,federigo.karge@bohlander.com
6155,Guenther,guenther.armenta@free.fr
6064,Coriolano,coriolano.higgins@murphy.org.au
1729,Felix,felix.rubio@ebert.de
4969,Melanie,melanie.leveque@fleury.net
3402,Abbie,abbie.galeati@ubaldi.it
2810,Vittorio,vittorio.caccioppoli@yahoo.com
2217,Biagio,biagio.valenzuela@robinson.info
5140,Dario,dario.green@live.com
4497,Alwina,alwina.textor@poste.it
5100,Diether,diether.baeza@grupo.biz
3390,Sole,sole.trevino@hotmail.com
1926,Darren,darren.bernardi@brooks-martin.com
3264,Martina,martina.heser@morellato.it
2573,Bethan,bethan.giacometti@gmail.com
3628,Ethan,ethan.duhamel@sfr.fr
3826,Corrado,corrado.warren@hotmail.com.au
5983,Damian,damian.pulido@yahoo.de
5678,Dino,dino.osborne@despacho.com
2093,Nicolaus,nicolaus.bernetti@aol.de
5333,Gianna,gianna.carroll@perez.com
5139,Grit,grit.knight@web.de
3173,Erin,erin.weinhold@hotmail.fr
3333,Craig,craig.jordan@gmail.com
2262,Homero,homero.respighi@gmail.com
1531,Fanny,fanny.pertile@gmail.com
4881,Fridolin,fridolin.comboni@graf.com
3928,Hugh,hugh.cantu@libero.it
1803,Alphons,alphons.simmons@hotmail.com
2321,Ludovico,ludovico.cafarchia@gmail.com
6234,Nico,nico.kaiser@almonte.com
1422,Kirsty,kirsty.lamy@alonzi.it
2660,Joshua,joshua.scheibe@turci.org
5361,Carin,carin.pineau@yahoo.com
3420,Ellie,ellie.galarza@pareto-cattaneo.net
4337,Marion,marion.lira@ifrance.com
2338,Aurelia,aurelia.angiolello@lord.com
4140,Maura,maura.ravaglioli@yahoo.com
2373,Brunhilde,brunhilde.fletcher@schomber.de
1344,Ottfried,ottfried.marques@tyler-watson.info
2141,Christelle,christelle.blasi@morris-chan.com
3415,Augusto,augusto.vercelloni@club-internet.fr
5696,Michela,michela.pruvost@holt.co.uk
1798,Guarino,guarino.escalante@hotmail.com
1657,Gabriela,gabriela.padilla@pearson-russell.com
3651,Agathe,agathe.dias@jackson.com
3574,Werner,werner.kallert@gmail.com
6063,Lore,lore.delaunay@yahoo.com
2404,Enzio,enzio.campos@tim.it
2705,Walther,walther.duarte@web.de
5059,Adelgunde,adelgunde.trevisan@gmail.com
5466,Thierry,thierry.schwartz@travaglio.net
5821,Katie,katie.andersen@haney.com.au
5385,Kathy,kathy.zamorani@hotmail.com
3506,Giuseppina,giuseppina.tanguy@wanadoo.fr
5427,Jack,jack.klapp@hotmail.com.au
6142,Tom,tom.leconte@woods-johnson.com
2873,Bonnie,bonnie.cignaroli@yahoo.com
3916,Danny,danny.farrell@hotmail.com
1687,Fiorenzo,fiorenzo.bauer@gmail.com
1542,Randy,randy.alfieri@verri.org
3087,Tim,tim.bradley@schlosser.de
3857,Yves,yves.mendez@gmail.com
5921,Raffaella,raffaella.esquivel@gmail.com
3144,Lawrence,lawrence.vasari@castillo.edu
2676,Sam,sam.adams@yahoo.com
3646,Mirco,mirco.nicolini@blin.net
1321,Graham,graham.bajardi@yahoo.com
1399,Luc,luc.quinn@walker.com
3169,Stella,stella.ullrich@hotmail.com.au
2058,Calcedonio,calcedonio.remy@edwards-benton.com
1300,Nanni,nanni.almaraz@martin.com
2075,Pascual,pascual.corradi@lopez.net.au
2984,Kristi,kristi.grant@yahoo.co.uk
4768,Manuel,manuel.gracia@trussardi.eu
3682,Gionata,gionata.hussain@yahoo.com
5901,Maria,maria.nguyen@hernadez.com
3540,Leon,leon.baker@hotmail.com
2225,Gianmarco,gianmarco.alcaraz@zacchia.net
1485,Derrick,derrick.little@small.org
5343,Terry,terry.ramirez@hotmail.co.uk
5594,Katarina,katarina.clarke@hotmail.com.au
2482,Leila,leila.washington@gmail.com
2706,Mirko,mirko.townsend@schmitt.com
4861,Randall,randall.connolly@jovinelli-castelli.com
2961,Pia,pia.burgess@proyectos.org
3043,Justine,justine.mancini@tiscali.it
6103,Reynaldo,reynaldo.wagenknecht@faure.com
4708,Toni,toni.magrassi@gmail.com
4395,Patrizio,patrizio.cisneros@martinez.edu.au
4912,Durante,durante.lindner@picard.fr
2030,Rosl,rosl.lamborghini@hiller.net
5235,Ugo,ugo.harrison@morley-chapman.co.uk
5001,Isidor,isidor.carpenter@chauvin.com
4093,Marie,marie.zoppetto@kallert.de
2576,Branko,branko.chambers@ifrance.com
6122,Alan,alan.pineda@proyectos.info
2813,Carmen,carmen.oestrovsky@gmail.com
3737,Shane,shane.fernandez@hotmail.de
2803,Debbie,debbie.guilbert@berg.edu
5508,Vito,vito.dossi@hotmail.co.uk
3850,Evan,evan.schacht@price.com
4220,Mandy,mandy.weston@free.fr
4532,Paulo,paulo.zito@nelson.biz
6013,Alberto,alberto.girschner@laboratorios.com
3396,Giacomo,giacomo.bouvet@gmail.com
4401,Ehrentraud,ehrentraud.puga@laboratorios.com
2981,Cristian,cristian.hale@hotmail.co.uk
4467,Lilija,lilija.charles@gmail.com
1377,Albert,albert.legendre@lee.com
5036,Marisa,marisa.renaud@smith.org
5761,Sharon,sharon.diallo@gmail.com
3699,Eduardo,eduardo.delattre@lynch.net.au
4519,Bernadette,bernadette.wang@gmail.com
5395,Dina,dina.gibbons@brewer.net
3057,Clara,clara.armstrong@vodafone.it
2741,Elliott,elliott.herrmann@hotmail.com.au
1675,Graziella,graziella.vidal@hotmail.com
2712,Francisca,francisca.becerra@young.com.au
4527,Edeltrud,edeltrud.boyer@outlook.com
1722,Julian,julian.noble@hill.org.au
4330,Christophe,christophe.bohnbach@ifrance.com
5219,Ippazio,ippazio.angulo@yahoo.com
4997,Grace,grace.kroker@hotmail.com
2239,Jared,jared.ferguson@roberts.com
4587,Virginie,virginie.mclean@yahoo.com
4113,Mason,mason.potter@gmail.com
4762,Aaron,aaron.anaya@hotmail.com.au
5242,Leah,leah.ornelas@gmail.com
5765,Harald,harald.roy@web.de
2185,Micaela,micaela.martel@hotmail.com
5500,Vincentio,vincentio.sanders@voila.fr
3494,Bettina,bettina.norbiato@allen-lutz.org
3924,Julio,julio.renner@industrias.net
3521,Jelena,jelena.stiffel@trupp.de
5262,Guadalupe,guadalupe.munoz@murray-hamilton.com.au
3684,Whitney,whitney.noack@laboratorios.org
5784,Gelsomina,gelsomina.migliaccio@junk.com
1498,Evangelista,evangelista.pereira@thompson-peterson.biz
6073,Gareth,gareth.comolli@tiscali.fr
4939,Michelangelo,michelangelo.hess@bouygtel.fr
